full.name,name,chamber,code,state,district,party
Ralph Lee Abraham,Abraham,house,LA-05,LA,05,R
Alma S. Adams,Adams,house,NC-12,NC,12,D
Robert B. Aderholt,Aderholt,house,AL-04,AL,04,R
Pete Aguilar,Aguilar,house,CA-31,CA,31,D
Lamar Alexander,Alexander,senate,TN-00,TN,00,R
Rick W. Allen,Allen,house,GA-12,GA,12,R
Justin Amash,Amash,house,MI-03,MI,03,R
Aumua Amata Coleman Radewagen,Amata,house,AS-00,AS,00,R
Mark E. Amodei,Amodei,house,NV-02,NV,02,R
Jodey C. Arrington,Arrington,house,TX-19,TX,19,R
Brian Babin,Babin,house,TX-36,TX,36,R
Don Bacon,Bacon,house,NE-02,NE,02,R
Troy Balderson,Balderson,house,OH-12,OH,12,R
Tammy Baldwin,Baldwin,senate,WI-00,WI,00,D
Jim Banks,Banks,house,IN-03,IN,03,R
Lou Barletta,Barletta,house,PA-11,PA,11,R
Andy Barr,Barr,house,KY-06,KY,06,R
Nanette Diaz Barragán,Barragán,house,CA-44,CA,44,D
John Barrasso,Barrasso,senate,WY-00,WY,00,R
Joe Barton,Barton,house,TX-06,TX,06,R
Karen Bass,Bass,house,CA-37,CA,37,D
Joyce Beatty,Beatty,house,OH-03,OH,03,D
Michael F. Bennet,Bennet,senate,CO-00,CO,00,D
Ami Bera,Bera,house,CA-07,CA,07,D
Jack Bergman,Bergman,house,MI-01,MI,01,R
"Donald S. Beyer, Jr.",Beyer,house,VA-08,VA,08,D
Andy Biggs,Biggs,house,AZ-05,AZ,05,R
Gus M. Bilirakis,Bilirakis,house,FL-12,FL,12,R
Rob Bishop,Bishop,house,UT-01,UT,01,R
"Sanford D. Bishop, Jr.",Bishop,house,GA-02,GA,02,D
Mike Bishop,Bishop,house,MI-08,MI,08,R
Diane Black,Black,house,TN-06,TN,06,R
Marsha Blackburn,Blackburn,house,TN-07,TN,07,R
Rod Blum,Blum,house,IA-01,IA,01,R
Earl Blumenauer,Blumenauer,house,OR-03,OR,03,D
Richard Blumenthal,Blumenthal,senate,CT-00,CT,00,D
Roy Blunt,Blunt,senate,MO-00,MO,00,R
Lisa Blunt Rochester,Blunt Rochester,house,DE-00,DE,00,D
Suzanne Bonamici,Bonamici,house,OR-01,OR,01,D
Cory A. Booker,Booker,senate,NJ-00,NJ,00,D
John Boozman,Boozman,senate,AR-00,AR,00,R
Madeleine Z. Bordallo,Bordallo,house,GU-00,GU,00,D
Mike Bost,Bost,house,IL-12,IL,12,R
Brendan F. Boyle,Boyle,house,PA-13,PA,13,D
Kevin Brady,Brady,house,TX-08,TX,08,R
Robert A. Brady,Brady,house,PA-01,PA,01,D
Dave Brat,Brat,house,VA-07,VA,07,R
Mo Brooks,Brooks,house,AL-05,AL,05,R
Susan W. Brooks,Brooks,house,IN-05,IN,05,R
Sherrod Brown,Brown,senate,OH-00,OH,00,D
Anthony G. Brown,Brown,house,MD-04,MD,04,D
Julia Brownley,Brownley,house,CA-26,CA,26,D
Vern Buchanan,Buchanan,house,FL-16,FL,16,R
Ken Buck,Buck,house,CO-04,CO,04,R
Larry Bucshon,Bucshon,house,IN-08,IN,08,R
Ted Budd,Budd,house,NC-13,NC,13,R
Michael C. Burgess,Burgess,house,TX-26,TX,26,R
Richard Burr,Burr,senate,NC-00,NC,00,R
Cheri Bustos,Bustos,house,IL-17,IL,17,D
G. K. Butterfield,Butterfield,house,NC-01,NC,01,D
Bradley Byrne,Byrne,house,AL-01,AL,01,R
Ken Calvert,Calvert,house,CA-42,CA,42,R
Maria Cantwell,Cantwell,senate,WA-00,WA,00,D
Shelley Moore Capito,Capito,senate,WV-00,WV,00,R
Michael E. Capuano,Capuano,house,MA-07,MA,07,D
Salud O. Carbajal,Carbajal,house,CA-24,CA,24,D
Tony Cárdenas,Cárdenas,house,CA-29,CA,29,D
Benjamin L. Cardin,Cardin,senate,MD-00,MD,00,D
Thomas R. Carper,Carper,senate,DE-00,DE,00,D
André Carson,Carson,house,IN-07,IN,07,D
John R. Carter,Carter,house,TX-31,TX,31,R
"Earl L. ""Buddy"" Carter",Carter,house,GA-01,GA,01,R
Matt Cartwright,Cartwright,house,PA-17,PA,17,D
"Robert P. Casey, Jr.",Casey,senate,PA-00,PA,00,D
Bill Cassidy,Cassidy,senate,LA-00,LA,00,R
Kathy Castor,Castor,house,FL-14,FL,14,D
Joaquin Castro,Castro,house,TX-20,TX,20,D
Steve Chabot,Chabot,house,OH-01,OH,01,R
Liz Cheney,Cheney,house,WY-00,WY,00,R
Judy Chu,Chu,house,CA-27,CA,27,D
David N. Cicilline,Cicilline,house,RI-01,RI,01,D
Katherine M. Clark,Clark,house,MA-05,MA,05,D
Yvette D. Clarke,Clarke,house,NY-09,NY,09,D
Wm. Lacy Clay,Clay,house,MO-01,MO,01,D
Emanuel Cleaver,Cleaver,house,MO-05,MO,05,D
Michael Cloud,Cloud,house,TX-27,TX,27,R
James E. Clyburn,Clyburn,house,SC-06,SC,06,D
Mike Coffman,Coffman,house,CO-06,CO,06,R
Steve Cohen,Cohen,house,TN-09,TN,09,D
Tom Cole,Cole,house,OK-04,OK,04,R
Susan M. Collins,Collins,senate,ME-00,ME,00,R
Doug Collins,Collins,house,GA-09,GA,09,R
Chris Collins,Collins,house,NY-27,NY,27,R
James Comer,Comer,house,KY-01,KY,01,R
Barbara Comstock,Comstock,house,VA-10,VA,10,R
K. Michael Conaway,Conaway,house,TX-11,TX,11,R
Gerald E. Connolly,Connolly,house,VA-11,VA,11,D
Paul Cook,Cook,house,CA-08,CA,08,R
Christopher A. Coons,Coons,senate,DE-00,DE,00,D
Jim Cooper,Cooper,house,TN-05,TN,05,D
Bob Corker,Corker,senate,TN-00,TN,00,R
John Cornyn,Cornyn,senate,TX-00,TX,00,R
J. Luis Correa,Correa,house,CA-46,CA,46,D
Catherine Cortez Masto,Cortez Masto,senate,NV-00,NV,00,D
Jim Costa,Costa,house,CA-16,CA,16,D
Ryan A. Costello,Costello,house,PA-06,PA,06,R
Tom Cotton,Cotton,senate,AR-00,AR,00,R
Joe Courtney,Courtney,house,CT-02,CT,02,D
Kevin Cramer,Cramer,house,ND-00,ND,00,R
Mike Crapo,Crapo,senate,ID-00,ID,00,R
"Eric A. ""Rick"" Crawford",Crawford,house,AR-01,AR,01,R
Charlie Crist,Crist,house,FL-13,FL,13,D
Joseph Crowley,Crowley,house,NY-14,NY,14,D
Ted Cruz,Cruz,senate,TX-00,TX,00,R
Henry Cuellar,Cuellar,house,TX-28,TX,28,D
John Abney Culberson,Culberson,house,TX-07,TX,07,R
Elijah E. Cummings,Cummings,house,MD-07,MD,07,D
Carlos Curbelo,Curbelo,house,FL-26,FL,26,R
John R. Curtis,Curtis,house,UT-03,UT,03,R
Steve Daines,Daines,senate,MT-00,MT,00,R
Warren Davidson,Davidson,house,OH-08,OH,08,R
Danny K. Davis,Davis,house,IL-07,IL,07,D
Susan A. Davis,Davis,house,CA-53,CA,53,D
Rodney Davis,Davis,house,IL-13,IL,13,R
Peter A. DeFazio,DeFazio,house,OR-04,OR,04,D
Diana DeGette,DeGette,house,CO-01,CO,01,D
John K. Delaney,Delaney,house,MD-06,MD,06,D
Rosa L. DeLauro,DeLauro,house,CT-03,CT,03,D
Suzan K. DelBene,DelBene,house,WA-01,WA,01,D
Val Butler Demings,Demings,house,FL-10,FL,10,D
Jeff Denham,Denham,house,CA-10,CA,10,R
Mark DeSaulnier,DeSaulnier,house,CA-11,CA,11,D
Scott DesJarlais,DesJarlais,house,TN-04,TN,04,R
Theodore E. Deutch,Deutch,house,FL-22,FL,22,D
Mario Diaz-Balart,Diaz-Balart,house,FL-25,FL,25,R
Debbie Dingell,Dingell,house,MI-12,MI,12,D
Lloyd Doggett,Doggett,house,TX-35,TX,35,D
Joe Donnelly,Donnelly,senate,IN-00,IN,00,D
"Daniel M. Donovan, Jr.",Donovan,house,NY-11,NY,11,R
Michael F. Doyle,Doyle,house,PA-14,PA,14,D
Tammy Duckworth,Duckworth,senate,IL-00,IL,00,D
Sean P. Duffy,Duffy,house,WI-07,WI,07,R
Jeff Duncan,Duncan,house,SC-03,SC,03,R
"John J. Duncan, Jr.",Duncan,house,TN-02,TN,02,R
Neal P. Dunn,Dunn,house,FL-02,FL,02,R
Richard J. Durbin,Durbin,senate,IL-00,IL,00,D
Keith Ellison,Ellison,house,MN-05,MN,05,D
Tom Emmer,Emmer,house,MN-06,MN,06,R
Eliot L. Engel,Engel,house,NY-16,NY,16,D
Michael B. Enzi,Enzi,senate,WY-00,WY,00,R
Joni Ernst,Ernst,senate,IA-00,IA,00,R
Anna G. Eshoo,Eshoo,house,CA-18,CA,18,D
Adriano Espaillat,Espaillat,house,NY-13,NY,13,D
Ron Estes,Estes,house,KS-04,KS,04,R
Elizabeth H. Esty,Esty,house,CT-05,CT,05,D
Dwight Evans,Evans,house,PA-02,PA,02,D
John J. Faso,Faso,house,NY-19,NY,19,R
Dianne Feinstein,Feinstein,senate,CA-00,CA,00,D
A. Drew Ferguson IV,Ferguson,house,GA-03,GA,03,R
Deb Fischer,Fischer,senate,NE-00,NE,00,R
Brian K. Fitzpatrick,Fitzpatrick,house,PA-08,PA,08,R
Jeff Flake,Flake,senate,AZ-00,AZ,00,R
"Charles J. ""Chuck"" Fleischmann",Fleischmann,house,TN-03,TN,03,R
Bill Flores,Flores,house,TX-17,TX,17,R
Jeff Fortenberry,Fortenberry,house,NE-01,NE,01,R
Bill Foster,Foster,house,IL-11,IL,11,D
Virginia Foxx,Foxx,house,NC-05,NC,05,R
Lois Frankel,Frankel,house,FL-21,FL,21,D
Rodney P. Frelinghuysen,Frelinghuysen,house,NJ-11,NJ,11,R
Marcia L. Fudge,Fudge,house,OH-11,OH,11,D
Tulsi Gabbard,Gabbard,house,HI-02,HI,02,D
Matt Gaetz,Gaetz,house,FL-01,FL,01,R
Mike Gallagher,Gallagher,house,WI-08,WI,08,R
Ruben Gallego,Gallego,house,AZ-07,AZ,07,D
John Garamendi,Garamendi,house,CA-03,CA,03,D
Cory Gardner,Gardner,senate,CO-00,CO,00,R
"Thomas A. Garrett, Jr.",Garrett,house,VA-05,VA,05,R
Greg Gianforte,Gianforte,house,MT-00,MT,00,R
Bob Gibbs,Gibbs,house,OH-07,OH,07,R
Kirsten E. Gillibrand,Gillibrand,senate,NY-00,NY,00,D
Louie Gohmert,Gohmert,house,TX-01,TX,01,R
Jimmy Gomez,Gomez,house,CA-34,CA,34,D
Vicente Gonzalez,Gonzalez,house,TX-15,TX,15,D
Jenniffer González-Colón,González-Colón,house,PR-00,PR,00,R
Bob Goodlatte,Goodlatte,house,VA-06,VA,06,R
Paul A. Gosar,Gosar,house,AZ-04,AZ,04,R
Josh Gottheimer,Gottheimer,house,NJ-05,NJ,05,D
Trey Gowdy,Gowdy,house,SC-04,SC,04,R
Lindsey Graham,Graham,senate,SC-00,SC,00,R
Kay Granger,Granger,house,TX-12,TX,12,R
Chuck Grassley,Grassley,senate,IA-00,IA,00,R
Sam Graves,Graves,house,MO-06,MO,06,R
Tom Graves,Graves,house,GA-14,GA,14,R
Garret Graves,Graves,house,LA-06,LA,06,R
Al Green,Green,house,TX-09,TX,09,D
Gene Green,Green,house,TX-29,TX,29,D
H. Morgan Griffith,Griffith,house,VA-09,VA,09,R
Raúl M. Grijalva,Grijalva,house,AZ-03,AZ,03,D
Glenn Grothman,Grothman,house,WI-06,WI,06,R
Brett Guthrie,Guthrie,house,KY-02,KY,02,R
Luis V. Gutiérrez,Gutiérrez,house,IL-04,IL,04,D
Colleen Hanabusa,Hanabusa,house,HI-01,HI,01,D
Karen C. Handel,Handel,house,GA-06,GA,06,R
Gregg Harper,Harper,house,MS-03,MS,03,R
Andy Harris,Harris,house,MD-01,MD,01,R
Kamala D. Harris,Harris,senate,CA-00,CA,00,D
Vicky Hartzler,Hartzler,house,MO-04,MO,04,R
Margaret Wood Hassan,Hassan,senate,NH-00,NH,00,D
Alcee L. Hastings,Hastings,house,FL-20,FL,20,D
Orrin G. Hatch,Hatch,senate,UT-00,UT,00,R
Denny Heck,Heck,house,WA-10,WA,10,D
Martin Heinrich,Heinrich,senate,NM-00,NM,00,D
Heidi Heitkamp,Heitkamp,senate,ND-00,ND,00,D
Dean Heller,Heller,senate,NV-00,NV,00,R
Jeb Hensarling,Hensarling,house,TX-05,TX,05,R
Jaime Herrera Beutler,Herrera Beutler,house,WA-03,WA,03,R
Jody B. Hice,Hice,house,GA-10,GA,10,R
Brian Higgins,Higgins,house,NY-26,NY,26,D
Clay Higgins,Higgins,house,LA-03,LA,03,R
J. French Hill,Hill,house,AR-02,AR,02,R
James A. Himes,Himes,house,CT-04,CT,04,D
Mazie K. Hirono,Hirono,senate,HI-00,HI,00,D
John Hoeven,Hoeven,senate,ND-00,ND,00,R
George Holding,Holding,house,NC-02,NC,02,R
Trey Hollingsworth,Hollingsworth,house,IN-09,IN,09,R
Steny H. Hoyer,Hoyer,house,MD-05,MD,05,D
Richard Hudson,Hudson,house,NC-08,NC,08,R
Jared Huffman,Huffman,house,CA-02,CA,02,D
Bill Huizenga,Huizenga,house,MI-02,MI,02,R
Randy Hultgren,Hultgren,house,IL-14,IL,14,R
Duncan Hunter,Hunter,house,CA-50,CA,50,R
Will Hurd,Hurd,house,TX-23,TX,23,R
Cindy Hyde-Smith,Hyde-Smith,senate,MS-00,MS,00,R
James M. Inhofe,Inhofe,senate,OK-00,OK,00,R
Johnny Isakson,Isakson,senate,GA-00,GA,00,R
Darrell E. Issa,Issa,house,CA-49,CA,49,R
Sheila Jackson Lee,Jackson Lee,house,TX-18,TX,18,D
Pramila Jayapal,Jayapal,house,WA-07,WA,07,D
Hakeem S. Jeffries,Jeffries,house,NY-08,NY,08,D
Lynn Jenkins,Jenkins,house,KS-02,KS,02,R
Bill Johnson,Johnson,house,OH-06,OH,06,R
Eddie Bernice Johnson,Johnson,house,TX-30,TX,30,D
"Henry C. ""Hank"" Johnson, Jr.",Johnson,house,GA-04,GA,04,D
Ron Johnson,Johnson,senate,WI-00,WI,00,R
Sam Johnson,Johnson,house,TX-03,TX,03,R
Mike Johnson,Johnson,house,LA-04,LA,04,R
Walter B. Jones,Jones,house,NC-03,NC,03,R
Doug Jones,Jones,senate,AL-00,AL,00,D
Jim Jordan,Jordan,house,OH-04,OH,04,R
David P. Joyce,Joyce,house,OH-14,OH,14,R
Tim Kaine,Kaine,senate,VA-00,VA,00,D
Marcy Kaptur,Kaptur,house,OH-09,OH,09,D
John Katko,Katko,house,NY-24,NY,24,R
William R. Keating,Keating,house,MA-09,MA,09,D
Mike Kelly,Kelly,house,PA-03,PA,03,R
Robin L. Kelly,Kelly,house,IL-02,IL,02,D
Trent Kelly,Kelly,house,MS-01,MS,01,R
Joseph P. Kennedy III,Kennedy,house,MA-04,MA,04,D
John Kennedy,Kennedy,senate,LA-00,LA,00,R
Ro Khanna,Khanna,house,CA-17,CA,17,D
Ruben J. Kihuen,Kihuen,house,NV-04,NV,04,D
Daniel T. Kildee,Kildee,house,MI-05,MI,05,D
Derek Kilmer,Kilmer,house,WA-06,WA,06,D
Ron Kind,Kind,house,WI-03,WI,03,D
Peter T. King,King,house,NY-02,NY,02,R
Steve King,King,house,IA-04,IA,04,R
"Angus S. King, Jr.",King,senate,ME-00,ME,00,I
Adam Kinzinger,Kinzinger,house,IL-16,IL,16,R
Amy Klobuchar,Klobuchar,senate,MN-00,MN,00,D
Stephen Knight,Knight,house,CA-25,CA,25,R
Raja Krishnamoorthi,Krishnamoorthi,house,IL-08,IL,08,D
Ann M. Kuster,Kuster,house,NH-02,NH,02,D
David Kustoff,Kustoff,house,TN-08,TN,08,R
Jon Kyl,Kyl,senate,AZ-00,AZ,00,R
Raúl R. Labrador,Labrador,house,ID-01,ID,01,R
Darin LaHood,LaHood,house,IL-18,IL,18,R
Doug LaMalfa,LaMalfa,house,CA-01,CA,01,R
Conor Lamb,Lamb,house,PA-18,PA,18,D
Doug Lamborn,Lamborn,house,CO-05,CO,05,R
Leonard Lance,Lance,house,NJ-07,NJ,07,R
James R. Langevin,Langevin,house,RI-02,RI,02,D
James Lankford,Lankford,senate,OK-00,OK,00,R
Rick Larsen,Larsen,house,WA-02,WA,02,D
John B. Larson,Larson,house,CT-01,CT,01,D
Robert E. Latta,Latta,house,OH-05,OH,05,R
Brenda L. Lawrence,Lawrence,house,MI-14,MI,14,D
"Al Lawson, Jr.",Lawson,house,FL-05,FL,05,D
Patrick J. Leahy,Leahy,senate,VT-00,VT,00,D
Barbara Lee,Lee,house,CA-13,CA,13,D
Mike Lee,Lee,senate,UT-00,UT,00,R
Debbie Lesko,Lesko,house,AZ-08,AZ,08,R
Sander M. Levin,Levin,house,MI-09,MI,09,D
John Lewis,Lewis,house,GA-05,GA,05,D
Jason Lewis,Lewis,house,MN-02,MN,02,R
Ted Lieu,Lieu,house,CA-33,CA,33,D
Daniel Lipinski,Lipinski,house,IL-03,IL,03,D
Frank A. LoBiondo,LoBiondo,house,NJ-02,NJ,02,R
David Loebsack,Loebsack,house,IA-02,IA,02,D
Zoe Lofgren,Lofgren,house,CA-19,CA,19,D
Billy Long,Long,house,MO-07,MO,07,R
Barry Loudermilk,Loudermilk,house,GA-11,GA,11,R
Mia B. Love,Love,house,UT-04,UT,04,R
Alan S. Lowenthal,Lowenthal,house,CA-47,CA,47,D
Nita M. Lowey,Lowey,house,NY-17,NY,17,D
Frank D. Lucas,Lucas,house,OK-03,OK,03,R
Blaine Luetkemeyer,Luetkemeyer,house,MO-03,MO,03,R
Ben Ray Luján,Luján,house,NM-03,NM,03,D
Michelle Lujan Grisham,Lujan Grisham,house,NM-01,NM,01,D
Stephen F. Lynch,Lynch,house,MA-08,MA,08,D
Thomas MacArthur,MacArthur,house,NJ-03,NJ,03,R
Carolyn B. Maloney,Maloney,house,NY-12,NY,12,D
Sean Patrick Maloney,Maloney,house,NY-18,NY,18,D
"Joe Manchin, III",Manchin,senate,WV-00,WV,00,D
Kenny Marchant,Marchant,house,TX-24,TX,24,R
Tom Marino,Marino,house,PA-10,PA,10,R
Edward J. Markey,Markey,senate,MA-00,MA,00,D
Roger W. Marshall,Marshall,house,KS-01,KS,01,R
Thomas Massie,Massie,house,KY-04,KY,04,R
Brian J. Mast,Mast,house,FL-18,FL,18,R
Doris O. Matsui,Matsui,house,CA-06,CA,06,D
Kevin McCarthy,McCarthy,house,CA-23,CA,23,R
Claire McCaskill,McCaskill,senate,MO-00,MO,00,D
Michael T. McCaul,McCaul,house,TX-10,TX,10,R
Tom McClintock,McClintock,house,CA-04,CA,04,R
Betty McCollum,McCollum,house,MN-04,MN,04,D
Mitch McConnell,McConnell,senate,KY-00,KY,00,R
A. Donald McEachin,McEachin,house,VA-04,VA,04,D
James P. McGovern,McGovern,house,MA-02,MA,02,D
Patrick T. McHenry,McHenry,house,NC-10,NC,10,R
David B. McKinley,McKinley,house,WV-01,WV,01,R
Cathy McMorris Rodgers,McMorris Rodgers,house,WA-05,WA,05,R
Jerry McNerney,McNerney,house,CA-09,CA,09,D
Martha McSally,McSally,house,AZ-02,AZ,02,R
Mark Meadows,Meadows,house,NC-11,NC,11,R
Gregory W. Meeks,Meeks,house,NY-05,NY,05,D
Robert Menendez,Menéndez,senate,NJ-00,NJ,00,D
Grace Meng,Meng,house,NY-06,NY,06,D
Jeff Merkley,Merkley,senate,OR-00,OR,00,D
Luke Messer,Messer,house,IN-06,IN,06,R
Paul Mitchell,Mitchell,house,MI-10,MI,10,R
John R. Moolenaar,Moolenaar,house,MI-04,MI,04,R
Alexander X. Mooney,Mooney,house,WV-02,WV,02,R
Gwen Moore,Moore,house,WI-04,WI,04,D
Jerry Moran,Moran,senate,KS-00,KS,00,R
Seth Moulton,Moulton,house,MA-06,MA,06,D
Markwayne Mullin,Mullin,house,OK-02,OK,02,R
Lisa Murkowski,Murkowski,senate,AK-00,AK,00,R
Christopher Murphy,Murphy,senate,CT-00,CT,00,D
Stephanie N. Murphy,Murphy,house,FL-07,FL,07,D
Patty Murray,Murray,senate,WA-00,WA,00,D
Jerrold Nadler,Nadler,house,NY-10,NY,10,D
Grace F. Napolitano,Napolitano,house,CA-32,CA,32,D
Richard E. Neal,Neal,house,MA-01,MA,01,D
Bill Nelson,Nelson,senate,FL-00,FL,00,D
Dan Newhouse,Newhouse,house,WA-04,WA,04,R
Kristi L. Noem,Noem,house,SD-00,SD,00,R
Richard M. Nolan,Nolan,house,MN-08,MN,08,D
Donald Norcross,Norcross,house,NJ-01,NJ,01,D
Ralph Norman,Norman,house,SC-05,SC,05,R
Eleanor Holmes Norton,Norton,house,DC-00,DC,00,D
Devin Nunes,Nunes,house,CA-22,CA,22,R
Tom O’Halleran,O’Halleran,house,AZ-01,AZ,01,D
Pete Olson,Olson,house,TX-22,TX,22,R
Beto O’Rourke,O’Rourke,house,TX-16,TX,16,D
Steven M. Palazzo,Palazzo,house,MS-04,MS,04,R
"Frank Pallone, Jr.",Pallone,house,NJ-06,NJ,06,D
Gary J. Palmer,Palmer,house,AL-06,AL,06,R
Jimmy Panetta,Panetta,house,CA-20,CA,20,D
"Bill Pascrell, Jr.",Pascrell,house,NJ-09,NJ,09,D
Rand Paul,Paul,senate,KY-00,KY,00,R
Erik Paulsen,Paulsen,house,MN-03,MN,03,R
"Donald M. Payne, Jr.",Payne,house,NJ-10,NJ,10,D
Stevan Pearce,Pearce,house,NM-02,NM,02,R
Nancy Pelosi,Pelosi,house,CA-12,CA,12,D
David Perdue,Perdue,senate,GA-00,GA,00,R
Ed Perlmutter,Perlmutter,house,CO-07,CO,07,D
Scott Perry,Perry,house,PA-04,PA,04,R
Gary C. Peters,Peters,senate,MI-00,MI,00,D
Scott H. Peters,Peters,house,CA-52,CA,52,D
Collin C. Peterson,Peterson,house,MN-07,MN,07,D
Chellie Pingree,Pingree,house,ME-01,ME,01,D
Robert Pittenger,Pittenger,house,NC-09,NC,09,R
Stacey E. Plaskett,Plaskett,house,VI-00,VI,00,D
Mark Pocan,Pocan,house,WI-02,WI,02,D
Ted Poe,Poe,house,TX-02,TX,02,R
Bruce Poliquin,Poliquin,house,ME-02,ME,02,R
Jared Polis,Polis,house,CO-02,CO,02,D
Rob Portman,Portman,senate,OH-00,OH,00,R
Bill Posey,Posey,house,FL-08,FL,08,R
David E. Price,Price,house,NC-04,NC,04,D
Mike Quigley,Quigley,house,IL-05,IL,05,D
Jamie Raskin,Raskin,house,MD-08,MD,08,D
John Ratcliffe,Ratcliffe,house,TX-04,TX,04,R
Jack Reed,Reed,senate,RI-00,RI,00,D
Tom Reed,Reed,house,NY-23,NY,23,R
David G. Reichert,Reichert,house,WA-08,WA,08,R
James B. Renacci,Renacci,house,OH-16,OH,16,R
Tom Rice,Rice,house,SC-07,SC,07,R
Kathleen M. Rice,Rice,house,NY-04,NY,04,D
Cedric L. Richmond,Richmond,house,LA-02,LA,02,D
James E. Risch,Risch,senate,ID-00,ID,00,R
Pat Roberts,Roberts,senate,KS-00,KS,00,R
Martha Roby,Roby,house,AL-02,AL,02,R
David P. Roe,Roe,house,TN-01,TN,01,R
Harold Rogers,Rogers,house,KY-05,KY,05,R
Mike Rogers,Rogers,house,AL-03,AL,03,R
Dana Rohrabacher,Rohrabacher,house,CA-48,CA,48,R
Todd Rokita,Rokita,house,IN-04,IN,04,R
Thomas J. Rooney,Rooney,house,FL-17,FL,17,R
Francis Rooney,Rooney,house,FL-19,FL,19,R
Jacky Rosen,Rosen,house,NV-03,NV,03,D
Peter J. Roskam,Roskam,house,IL-06,IL,06,R
Ileana Ros-Lehtinen,Ros-Lehtinen,house,FL-27,FL,27,R
Dennis A. Ross,Ross,house,FL-15,FL,15,R
Keith J. Rothfus,Rothfus,house,PA-12,PA,12,R
Mike Rounds,Rounds,senate,SD-00,SD,00,R
David Rouzer,Rouzer,house,NC-07,NC,07,R
Lucille Roybal-Allard,Roybal-Allard,house,CA-40,CA,40,D
Edward R. Royce,Royce,house,CA-39,CA,39,R
Marco Rubio,Rubio,senate,FL-00,FL,00,R
Raul Ruiz,Ruiz,house,CA-36,CA,36,D
C. A. Dutch Ruppersberger,Ruppersberger,house,MD-02,MD,02,D
Bobby L. Rush,Rush,house,IL-01,IL,01,D
Steve Russell,Russell,house,OK-05,OK,05,R
John H. Rutherford,Rutherford,house,FL-04,FL,04,R
Paul D. Ryan,Ryan,house,WI-01,WI,01,R
Tim Ryan,Ryan,house,OH-13,OH,13,D
Gregorio Kilili Camacho Sablan,Sablan,house,MP-00,MP,00,D
Linda T. Sánchez,Sánchez,house,CA-38,CA,38,D
Bernard Sanders,Sanders,senate,VT-00,VT,00,I
Mark Sanford,Sanford,house,SC-01,SC,01,R
John P. Sarbanes,Sarbanes,house,MD-03,MD,03,D
Ben Sasse,Sasse,senate,NE-00,NE,00,R
Steve Scalise,Scalise,house,LA-01,LA,01,R
Janice D. Schakowsky,Schakowsky,house,IL-09,IL,09,D
Brian Schatz,Schatz,senate,HI-00,HI,00,D
Adam B. Schiff,Schiff,house,CA-28,CA,28,D
Bradley Scott Schneider,Schneider,house,IL-10,IL,10,D
Kurt Schrader,Schrader,house,OR-05,OR,05,D
Charles E. Schumer,Schumer,senate,NY-00,NY,00,D
David Schweikert,Schweikert,house,AZ-06,AZ,06,R
Austin Scott,Scott,house,GA-08,GA,08,R
David Scott,Scott,house,GA-13,GA,13,D
"Robert C. ""Bobby"" Scott",Scott,house,VA-03,VA,03,D
Tim Scott,Scott,senate,SC-00,SC,00,R
"F. James Sensenbrenner, Jr.",Sensenbrenner,house,WI-05,WI,05,R
José E. Serrano,Serrano,house,NY-15,NY,15,D
Pete Sessions,Sessions,house,TX-32,TX,32,R
Terri A. Sewell,Sewell,house,AL-07,AL,07,D
Jeanne Shaheen,Shaheen,senate,NH-00,NH,00,D
Carol Shea-Porter,Shea-Porter,house,NH-01,NH,01,D
Richard C. Shelby,Shelby,senate,AL-00,AL,00,R
Brad Sherman,Sherman,house,CA-30,CA,30,D
John Shimkus,Shimkus,house,IL-15,IL,15,R
Bill Shuster,Shuster,house,PA-09,PA,09,R
Michael K. Simpson,Simpson,house,ID-02,ID,02,R
Kyrsten Sinema,Sinema,house,AZ-09,AZ,09,D
Albio Sires,Sires,house,NJ-08,NJ,08,D
Adam Smith,Smith,house,WA-09,WA,09,D
Adrian Smith,Smith,house,NE-03,NE,03,R
Christopher H. Smith,Smith,house,NJ-04,NJ,04,R
Lamar Smith,Smith,house,TX-21,TX,21,R
Jason Smith,Smith,house,MO-08,MO,08,R
Tina Smith,Smith,senate,MN-00,MN,00,D
Lloyd Smucker,Smucker,house,PA-16,PA,16,R
Darren Soto,Soto,house,FL-09,FL,09,D
Jackie Speier,Speier,house,CA-14,CA,14,D
Debbie Stabenow,Stabenow,senate,MI-00,MI,00,D
Elise M. Stefanik,Stefanik,house,NY-21,NY,21,R
Chris Stewart,Stewart,house,UT-02,UT,02,R
Steve Stivers,Stivers,house,OH-15,OH,15,R
Dan Sullivan,Sullivan,senate,AK-00,AK,00,R
Thomas R. Suozzi,Suozzi,house,NY-03,NY,03,D
Eric Swalwell,Swalwell,house,CA-15,CA,15,D
Mark Takano,Takano,house,CA-41,CA,41,D
Scott Taylor,Taylor,house,VA-02,VA,02,R
Claudia Tenney,Tenney,house,NY-22,NY,22,R
Jon Tester,Tester,senate,MT-00,MT,00,D
Bennie G. Thompson,Thompson,house,MS-02,MS,02,D
Mike Thompson,Thompson,house,CA-05,CA,05,D
Glenn Thompson,Thompson,house,PA-05,PA,05,R
Mac Thornberry,Thornberry,house,TX-13,TX,13,R
John Thune,Thune,senate,SD-00,SD,00,R
Thom Tillis,Tillis,senate,NC-00,NC,00,R
Scott R. Tipton,Tipton,house,CO-03,CO,03,R
Dina Titus,Titus,house,NV-01,NV,01,D
Paul Tonko,Tonko,house,NY-20,NY,20,D
Patrick J. Toomey,Toomey,senate,PA-00,PA,00,R
Norma J. Torres,Torres,house,CA-35,CA,35,D
David A. Trott,Trott,house,MI-11,MI,11,R
Niki Tsongas,Tsongas,house,MA-03,MA,03,D
Michael R. Turner,Turner,house,OH-10,OH,10,R
Tom Udall,Udall,senate,NM-00,NM,00,D
Fred Upton,Upton,house,MI-06,MI,06,R
David G. Valadao,Valadao,house,CA-21,CA,21,R
Chris Van Hollen,Van Hollen,senate,MD-00,MD,00,D
Juan Vargas,Vargas,house,CA-51,CA,51,D
Marc A. Veasey,Veasey,house,TX-33,TX,33,D
Filemon Vela,Vela,house,TX-34,TX,34,D
Nydia M. Velázquez,Velázquez,house,NY-07,NY,07,D
Peter J. Visclosky,Visclosky,house,IN-01,IN,01,D
Ann Wagner,Wagner,house,MO-02,MO,02,R
Tim Walberg,Walberg,house,MI-07,MI,07,R
Greg Walden,Walden,house,OR-02,OR,02,R
Mark Walker,Walker,house,NC-06,NC,06,R
Jackie Walorski,Walorski,house,IN-02,IN,02,R
Mimi Walters,Walters,house,CA-45,CA,45,R
Timothy J. Walz,Walz,house,MN-01,MN,01,D
Mark R. Warner,Warner,senate,VA-00,VA,00,D
Elizabeth Warren,Warren,senate,MA-00,MA,00,D
Debbie Wasserman Schultz,Wasserman Schultz,house,FL-23,FL,23,D
Maxine Waters,Waters,house,CA-43,CA,43,D
Bonnie Watson Coleman,Watson Coleman,house,NJ-12,NJ,12,D
"Randy K. Weber, Sr.",Weber,house,TX-14,TX,14,R
Daniel Webster,Webster,house,FL-11,FL,11,R
Peter Welch,Welch,house,VT-00,VT,00,D
Brad R. Wenstrup,Wenstrup,house,OH-02,OH,02,R
Bruce Westerman,Westerman,house,AR-04,AR,04,R
Sheldon Whitehouse,Whitehouse,senate,RI-00,RI,00,D
Roger F. Wicker,Wicker,senate,MS-00,MS,00,R
Roger Williams,Williams,house,TX-25,TX,25,R
Joe Wilson,Wilson,house,SC-02,SC,02,R
Frederica S. Wilson,Wilson,house,FL-24,FL,24,D
Robert J. Wittman,Wittman,house,VA-01,VA,01,R
Steve Womack,Womack,house,AR-03,AR,03,R
Rob Woodall,Woodall,house,GA-07,GA,07,R
Ron Wyden,Wyden,senate,OR-00,OR,00,D
John A. Yarmuth,Yarmuth,house,KY-03,KY,03,D
Kevin Yoder,Yoder,house,KS-03,KS,03,R
Ted S. Yoho,Yoho,house,FL-03,FL,03,R
Don Young,Young,house,AK-00,AK,00,R
Todd Young,Young,senate,IN-00,IN,00,R
David Young,Young,house,IA-03,IA,03,R
Lee M. Zeldin,Zeldin,house,NY-01,NY,01,R
